"Component","Status","Details"
"Required Files","✅ OK","Checked 10 files"
"Required Directories","✅ OK","Checked 15 directories"
"R Packages","✅ OK","Checked 19 packages"
"Data File","✅ OK","Rows: 4516 Cols: 13"
"NF Residuals","❌ Missing/Empty","0 files"
"Output Files","✅ OK","Checked 4 output directories"
"CLI Parser","✅ OK","Engine selection working"
"Engine Selector","✅ OK","Engine functions loaded"
"Manual GARCH","✅ OK","Manual GARCH functions loaded"
"Data Processing","✅ OK","Return calculation working"
